gpu_count,backend,dtype,M,N,K,warmup,iters,graph_iters,l2_flush_mb,timer,timing_ms,tflops,status,note
1,AITER-triton-gemm_a16w16,BF16,1024,1024,1024,5,30,1,256,cuda_graph_event,0.048547,44.235391,ok,python callable benchmark; max_abs_err=0.250000; max_rel_err=0.058559; atol=1.0; rtol=0.02; shared_input_seed=20260307
1,Triton-official-matmul,BF16,1024,1024,1024,5,30,1,256,cuda_graph_event,0.031093,69.066839,ok,python callable benchmark; max_abs_err=0.500000; max_rel_err=0.103286; atol=1.0; rtol=0.02; shared_input_seed=20260307
1,AITER-triton-gemm_a16w16,BF16,2048,2048,2048,5,30,1,256,cuda_graph_event,0.095948,179.054276,ok,python callable benchmark; max_abs_err=0.500000; max_rel_err=0.270142; atol=1.0; rtol=0.02; shared_input_seed=20260308
1,Triton-official-matmul,BF16,2048,2048,2048,5,30,1,256,cuda_graph_event,0.070389,244.071993,ok,python callable benchmark; max_abs_err=1.000000; max_rel_err=0.172043; atol=1.0; rtol=0.02; shared_input_seed=20260308
1,AITER-triton-gemm_a16w16,BF16,4096,4096,4096,5,30,1,256,cuda_graph_event,0.239002,575.054629,ok,python callable benchmark; max_abs_err=1.000000; max_rel_err=1.612903; atol=1.0; rtol=0.02; shared_input_seed=20260309
1,Triton-official-matmul,BF16,4096,4096,4096,5,30,1,256,cuda_graph_event,0.427428,321.548718,ok,python callable benchmark; max_abs_err=1.000000; max_rel_err=13.666667; atol=1.0; rtol=0.02; shared_input_seed=20260309
1,AITER-triton-gemm_a16w16,BF16,8192,8192,8192,5,30,1,256,cuda_graph_event,1.775442,619.289005,ok,python callable benchmark; max_abs_err=2.000000; max_rel_err=7.166667; atol=1.0; rtol=0.02; shared_input_seed=20260310
1,Triton-official-matmul,BF16,8192,8192,8192,5,30,1,256,cuda_graph_event,3.189985,344.676096,ok,python callable benchmark; max_abs_err=2.000000; max_rel_err=3.200000; atol=1.0; rtol=0.02; shared_input_seed=20260310
1,AITER-triton-gemm_a16w16,BF16,16384,16384,16384,5,30,1,256,cuda_graph_event,14.664361,599.827929,ok,python callable benchmark; max_abs_err=4.000000; max_rel_err=82.000000; atol=1.0; rtol=0.02; shared_input_seed=20260311
1,Triton-official-matmul,BF16,16384,16384,16384,5,30,1,256,cuda_graph_event,26.271440,334.815798,ok,python callable benchmark; max_abs_err=0.000000; max_rel_err=0.000000; atol=1.0; rtol=0.02; shared_input_seed=20260311
